{
    "$schema": "https://schema.management.azure.com/schemas/2019-04-01/deploymentParameters.json#",
    "contentVersion": "1.0.0.0",
    "parameters": {
        "ipaddress": {
            "value": "x.x.x.x"
        },
        "sqlAdministratorLogin": {
          "value" : ""
        },
        "sqlAdministratorLoginPassword": {
          "value": ""
        },
        "storageAccountType":{
          "value": "Standard_LRS"
        },
        "sqlpoolName":{
          "value": "sqlpool"
        },
        "bigDataPoolName": {
          "value": "etlexecuter"
        },
        "nodeSize":{
          "value": "Small"
        },
        "sparkPoolMinNodeCount":{
            "value": 3
        },
        "sparkPoolMaxNodeCount":{
          "value": 3
        },
        "defaultDataLakeStorageFilesystemName":{
          "value": "dl2"
        },
        "collation":{
          "value": "SQL_Latin1_General_CP1_CI_AS"
        },
        "userObjectId":{
          "value": ""
        },
        "dataLakeUrlFormat":{
          "value": "https://{0}.dfs.core.windows.net"
        }
    }
}